n;Simulation;Method;Estimate;Bias
5000;0;S-learner;1.450841508442732;-0.049158491557268
5000;0;DML/AIPW;1.501940773244707;0.0019407732447069
5000;1;S-learner;1.458804813951369;-0.041195186048631
5000;1;DML/AIPW;1.508283665525727;0.008283665525727
5000;2;S-learner;1.50344814985107;0.0034481498510701
5000;2;DML/AIPW;1.5675731799248545;0.0675731799248544
5000;3;S-learner;1.4290824988433128;-0.0709175011566871
5000;3;DML/AIPW;1.4804407292567114;-0.0195592707432885
5000;4;S-learner;1.4668387591331788;-0.0331612408668211
5000;4;DML/AIPW;1.528517219922444;0.0285172199224439
5000;5;S-learner;1.5212765318399415;0.0212765318399414
5000;5;DML/AIPW;1.557464179342409;0.0574641793424093
5000;6;S-learner;1.4135559207684385;-0.0864440792315615
5000;6;DML/AIPW;1.4468060548840784;-0.0531939451159215
5000;7;S-learner;1.4855349954509796;-0.0144650045490204
5000;7;DML/AIPW;1.510165100168266;0.0101651001682658
5000;8;S-learner;1.464219643272078;-0.035780356727922
5000;8;DML/AIPW;1.5214387791012385;0.0214387791012384
5000;9;S-learner;1.442625822833541;-0.057374177166459
5000;9;DML/AIPW;1.4795846985046923;-0.0204153014953074
5000;10;S-learner;1.5205239313675334;0.0205239313675333
5000;10;DML/AIPW;1.5400038523487551;0.0400038523487551
5000;11;S-learner;1.416533064703069;-0.083466935296931
5000;11;DML/AIPW;1.467559928483125;-0.0324400715168748
5000;12;S-learner;1.43632186657699;-0.0636781334230098
5000;12;DML/AIPW;1.459993786011218;-0.040006213988782
5000;13;S-learner;1.4214061224357246;-0.0785938775642753
5000;13;DML/AIPW;1.4515086800399;-0.0484913199601
5000;14;S-learner;1.5580390530097288;0.0580390530097287
5000;14;DML/AIPW;1.599996323061928;0.099996323061928
5000;15;S-learner;1.4499834200076531;-0.0500165799923466
5000;15;DML/AIPW;1.5087585898447324;0.0087585898447324
5000;16;S-learner;1.4330586843947746;-0.0669413156052254
5000;16;DML/AIPW;1.4436970575867123;-0.0563029424132877
5000;17;S-learner;1.4232072203640105;-0.0767927796359897
5000;17;DML/AIPW;1.4865682927190942;-0.0134317072809058
5000;18;S-learner;1.478866309019383;-0.021133690980617
5000;18;DML/AIPW;1.502255121226229;0.0022551212262289
5000;19;S-learner;1.5191069236398815;0.0191069236398815
5000;19;DML/AIPW;1.562998449608528;0.0629984496085278
5000;20;S-learner;1.3896933322917238;-0.1103066677082762
5000;20;DML/AIPW;1.4399808484547032;-0.0600191515452968
5000;21;S-learner;1.4145519247815537;-0.0854480752184463
5000;21;DML/AIPW;1.4583231739386169;-0.0416768260613833
5000;22;S-learner;1.4996284251237846;-0.0003715748762154
5000;22;DML/AIPW;1.5631034819677163;0.0631034819677163
5000;23;S-learner;1.4797347279284172;-0.0202652720715827
5000;23;DML/AIPW;1.513246955822156;0.0132469558221559
5000;24;S-learner;1.5118783046472823;0.0118783046472823
5000;24;DML/AIPW;1.556516772960455;0.0565167729604549
5000;25;S-learner;1.5672481039150596;0.0672481039150596
5000;25;DML/AIPW;1.5855625205824784;0.0855625205824783
5000;26;S-learner;1.4766665572201942;-0.0233334427798057
5000;26;DML/AIPW;1.5054645070538697;0.0054645070538696
5000;27;S-learner;1.4555031954999225;-0.0444968045000775
5000;27;DML/AIPW;1.4900403850021182;-0.0099596149978817
5000;28;S-learner;1.4769589989481222;-0.0230410010518777
5000;28;DML/AIPW;1.5132178545082604;0.0132178545082604
5000;29;S-learner;1.4563967072564417;-0.0436032927435583
5000;29;DML/AIPW;1.4821050343128648;-0.0178949656871352
5000;30;S-learner;1.4645173729371432;-0.0354826270628567
5000;30;DML/AIPW;1.5048044655936876;0.0048044655936876
5000;31;S-learner;1.4791248576660012;-0.0208751423339987
5000;31;DML/AIPW;1.511289568030105;0.011289568030105
5000;32;S-learner;1.4312662582764772;-0.0687337417235227
5000;32;DML/AIPW;1.445808809343016;-0.0541911906569838
5000;33;S-learner;1.4877119716407237;-0.0122880283592763
5000;33;DML/AIPW;1.506159210550222;0.0061592105502219
5000;34;S-learner;1.4508968308677412;-0.0491031691322587
5000;34;DML/AIPW;1.499197998264386;-0.000802001735614
5000;35;S-learner;1.5396409510946822;0.0396409510946822
5000;35;DML/AIPW;1.5941524790881965;0.0941524790881964
5000;36;S-learner;1.462692176703254;-0.0373078232967458
5000;36;DML/AIPW;1.489820394376041;-0.0101796056239589
5000;37;S-learner;1.424274199061585;-0.0757258009384149
5000;37;DML/AIPW;1.455940168197146;-0.044059831802854
5000;38;S-learner;1.4723708640905269;-0.0276291359094731
5000;38;DML/AIPW;1.4814557085254505;-0.0185442914745495
5000;39;S-learner;1.4257200964274153;-0.0742799035725847
5000;39;DML/AIPW;1.4776611824166304;-0.0223388175833696
5000;40;S-learner;1.5015725455148898;0.0015725455148898
5000;40;DML/AIPW;1.5297757602508515;0.0297757602508517
5000;41;S-learner;1.419682214050576;-0.0803177859494239
5000;41;DML/AIPW;1.4673684587789524;-0.0326315412210476
5000;42;S-learner;1.5066533221594232;0.0066533221594231
5000;42;DML/AIPW;1.5326612989529491;0.0326612989529493
5000;43;S-learner;1.472742586889073;-0.0272574131109271
5000;43;DML/AIPW;1.5202751938166947;0.0202751938166947
5000;44;S-learner;1.4038383786402129;-0.0961616213597871
5000;44;DML/AIPW;1.4368047455872088;-0.0631952544127911
5000;45;S-learner;1.4979314588594204;-0.0020685411405796
5000;45;DML/AIPW;1.5438854100347388;0.0438854100347387
5000;46;S-learner;1.4117027206507338;-0.0882972793492662
5000;46;DML/AIPW;1.4913457411869968;-0.0086542588130031
5000;47;S-learner;1.4773104597565672;-0.0226895402434328
5000;47;DML/AIPW;1.524587797848529;0.0245877978485289
5000;48;S-learner;1.4641784718109676;-0.0358215281890323
5000;48;DML/AIPW;1.5099993903401037;0.0099993903401036
5000;49;S-learner;1.5512985493769644;0.0512985493769644
5000;49;DML/AIPW;1.586512781265534;0.0865127812655339
5000;50;S-learner;1.4450550827034585;-0.0549449172965414
5000;50;DML/AIPW;1.4783381587752231;-0.0216618412247768
5000;51;S-learner;1.4254228282993928;-0.0745771717006071
5000;51;DML/AIPW;1.4494506607131346;-0.0505493392868654
5000;52;S-learner;1.4000619678524793;-0.0999380321475207
5000;52;DML/AIPW;1.460636998697355;-0.0393630013026449
5000;53;S-learner;1.4150603576046534;-0.0849396423953465
5000;53;DML/AIPW;1.465481686939643;-0.034518313060357
5000;54;S-learner;1.495760803805276;-0.0042391961947239
5000;54;DML/AIPW;1.5090494822522695;0.0090494822522695
5000;55;S-learner;1.4422880735044854;-0.0577119264955146
5000;55;DML/AIPW;1.5009658156141292;0.0009658156141292
5000;56;S-learner;1.4852819800703077;-0.0147180199296923
5000;56;DML/AIPW;1.5397812919439164;0.0397812919439164
5000;57;S-learner;1.4489628546553168;-0.0510371453446831
5000;57;DML/AIPW;1.4815211872399756;-0.0184788127600243
5000;58;S-learner;1.4462107780614455;-0.0537892219385542
5000;58;DML/AIPW;1.4849791955791165;-0.0150208044208837
5000;59;S-learner;1.5631830205313908;0.0631830205313908
5000;59;DML/AIPW;1.6013954090913016;0.1013954090913016
5000;60;S-learner;1.4510173166113935;-0.0489826833886064
5000;60;DML/AIPW;1.4875937935043864;-0.0124062064956136
5000;61;S-learner;1.45200148388814;-0.0479985161118599
5000;61;DML/AIPW;1.4896560326540402;-0.0103439673459597
5000;62;S-learner;1.5076809176453243;0.0076809176453243
5000;62;DML/AIPW;1.5238356038331828;0.0238356038331828
5000;63;S-learner;1.402074777452528;-0.097925222547472
5000;63;DML/AIPW;1.4459567076243618;-0.0540432923756382
5000;64;S-learner;1.431908884309703;-0.068091115690297
5000;64;DML/AIPW;1.4896824624512133;-0.0103175375487867
5000;65;S-learner;1.3963936705855031;-0.1036063294144966
5000;65;DML/AIPW;1.446653758853534;-0.053346241146466
5000;66;S-learner;1.408920777928301;-0.0910792220716989
5000;66;DML/AIPW;1.4352604591938605;-0.0647395408061395
5000;67;S-learner;1.5033990383408071;0.0033990383408073
5000;67;DML/AIPW;1.554918213597592;0.054918213597592
5000;68;S-learner;1.3478809343041387;-0.1521190656958613
5000;68;DML/AIPW;1.3864608210511675;-0.1135391789488322
5000;69;S-learner;1.490422596970742;-0.0095774030292581
5000;69;DML/AIPW;1.5083894569423495;0.0083894569423494
5000;70;S-learner;1.4294384315556867;-0.0705615684443132
5000;70;DML/AIPW;1.4652291585851225;-0.0347708414148775
5000;71;S-learner;1.4588327437928443;-0.0411672562071556
5000;71;DML/AIPW;1.4961962643697575;-0.0038037356302422
5000;72;S-learner;1.3713302970134913;-0.1286697029865087
5000;72;DML/AIPW;1.4236571282353396;-0.0763428717646603
5000;73;S-learner;1.4985770344497522;-0.0014229655502477
5000;73;DML/AIPW;1.5015943070517026;0.0015943070517026
5000;74;S-learner;1.4261823868035073;-0.0738176131964927
5000;74;DML/AIPW;1.4597608924785788;-0.0402391075214212
5000;75;S-learner;1.4722355441678;-0.0277644558321998
5000;75;DML/AIPW;1.5367173171026882;0.0367173171026882
5000;76;S-learner;1.525252196868646;0.0252521968686461
5000;76;DML/AIPW;1.5640389288362526;0.0640389288362526
5000;77;S-learner;1.4628454218356983;-0.0371545781643014
5000;77;DML/AIPW;1.485683529902243;-0.0143164700977569
5000;78;S-learner;1.364364067387519;-0.1356359326124809
5000;78;DML/AIPW;1.4035100499718487;-0.0964899500281513
5000;79;S-learner;1.4719255127817077;-0.0280744872182923
5000;79;DML/AIPW;1.520527782830802;0.0205277828308019
5000;80;S-learner;1.488266356376925;-0.011733643623075
5000;80;DML/AIPW;1.4929588752031115;-0.0070411247968884
5000;81;S-learner;1.526656850865674;0.0266568508656739
5000;81;DML/AIPW;1.553859286428645;0.0538592864286449
5000;82;S-learner;1.41554799586591;-0.0844520041340899
5000;82;DML/AIPW;1.4586972671664211;-0.0413027328335788
5000;83;S-learner;1.466307782584785;-0.033692217415215
5000;83;DML/AIPW;1.4985898094771473;-0.0014101905228527
5000;84;S-learner;1.480713280763975;-0.0192867192360253
5000;84;DML/AIPW;1.5174302604715089;0.0174302604715088
5000;85;S-learner;1.4188552602963205;-0.0811447397036795
5000;85;DML/AIPW;1.4615269339481276;-0.0384730660518723
5000;86;S-learner;1.468404646495041;-0.0315953535049589
5000;86;DML/AIPW;1.490430090955258;-0.0095699090447418
5000;87;S-learner;1.4761214087538617;-0.0238785912461383
5000;87;DML/AIPW;1.5302976344779098;0.0302976344779097
5000;88;S-learner;1.475087688417991;-0.0249123115820086
5000;88;DML/AIPW;1.529939990126591;0.0299399901265911
5000;89;S-learner;1.4649797954442405;-0.0350202045557597
5000;89;DML/AIPW;1.4980090981645469;-0.0019909018354531
5000;90;S-learner;1.4466531003781269;-0.0533468996218733
5000;90;DML/AIPW;1.4698089676005048;-0.0301910323994951
5000;91;S-learner;1.409803522337637;-0.0901964776623629
5000;91;DML/AIPW;1.433305911053535;-0.0666940889464646
5000;92;S-learner;1.5489472864436065;0.0489472864436064
5000;92;DML/AIPW;1.5818050941747663;0.0818050941747663
5000;93;S-learner;1.5073831423742678;0.0073831423742678
5000;93;DML/AIPW;1.492126270597128;-0.0078737294028721
5000;94;S-learner;1.3886413701246274;-0.1113586298753726
5000;94;DML/AIPW;1.4545725764270037;-0.0454274235729963
5000;95;S-learner;1.4635942895283518;-0.0364057104716482
5000;95;DML/AIPW;1.485532497019048;-0.014467502980952
5000;96;S-learner;1.4762192747786145;-0.0237807252213855
5000;96;DML/AIPW;1.5040378671650112;0.0040378671650112
5000;97;S-learner;1.430614704887883;-0.069385295112117
5000;97;DML/AIPW;1.443961008622296;-0.0560389913777039
5000;98;S-learner;1.500226790203403;0.0002267902034029
5000;98;DML/AIPW;1.5405150479873877;0.0405150479873874
5000;99;S-learner;1.3708597727376504;-0.1291402272623496
5000;99;DML/AIPW;1.4100918461461094;-0.0899081538538906
10000;0;S-learner;1.4547589390817155;-0.0452410609182842
10000;0;DML/AIPW;1.4729547718771896;-0.0270452281228104
10000;1;S-learner;1.4670442507714254;-0.0329557492285745
10000;1;DML/AIPW;1.5067323742157506;0.0067323742157505
10000;2;S-learner;1.451068963224909;-0.048931036775091
10000;2;DML/AIPW;1.4891380747601946;-0.0108619252398054
10000;3;S-learner;1.5268063536498282;0.0268063536498281
10000;3;DML/AIPW;1.5685867363386097;0.0685867363386096
10000;4;S-learner;1.4520592997649788;-0.0479407002350211
10000;4;DML/AIPW;1.4775199592996615;-0.0224800407003384
10000;5;S-learner;1.4848093146409782;-0.0151906853590217
10000;5;DML/AIPW;1.4999423309663025;-5.766903369774923e-05
10000;6;S-learner;1.446357209854018;-0.0536427901459819
10000;6;DML/AIPW;1.4812393780763966;-0.0187606219236033
10000;7;S-learner;1.4512415502831204;-0.0487584497168795
10000;7;DML/AIPW;1.469271182561383;-0.0307288174386173
10000;8;S-learner;1.463243573114685;-0.0367564268853151
10000;8;DML/AIPW;1.5096459954468524;0.0096459954468524
10000;9;S-learner;1.4707606279124712;-0.0292393720875288
10000;9;DML/AIPW;1.49527944956611;-0.00472055043389
10000;10;S-learner;1.4779526041036697;-0.0220473958963305
10000;10;DML/AIPW;1.4979351872416842;-0.0020648127583158
10000;11;S-learner;1.513611644326966;0.013611644326966
10000;11;DML/AIPW;1.548852448615888;0.0488524486158881
10000;12;S-learner;1.4937270856872504;-0.0062729143127495
10000;12;DML/AIPW;1.5195598991798005;0.0195598991798005
10000;13;S-learner;1.5168441492748117;0.0168441492748114
10000;13;DML/AIPW;1.5415509700831256;0.0415509700831255
10000;14;S-learner;1.528896994103381;0.0288969941033809
10000;14;DML/AIPW;1.551232265639591;0.0512322656395909
10000;15;S-learner;1.4950394156205675;-0.0049605843794324
10000;15;DML/AIPW;1.519998769479604;0.0199987694796039
10000;16;S-learner;1.472129519840988;-0.0278704801590119
10000;16;DML/AIPW;1.50099427822805;0.00099427822805
10000;17;S-learner;1.448317912232291;-0.0516820877677091
10000;17;DML/AIPW;1.4934677317054903;-0.0065322682945097
10000;18;S-learner;1.471912790835067;-0.0280872091649326
10000;18;DML/AIPW;1.4860345284274843;-0.0139654715725154
10000;19;S-learner;1.486267425300788;-0.0137325746992118
10000;19;DML/AIPW;1.5131674367917711;0.0131674367917713
10000;20;S-learner;1.438545681763434;-0.0614543182365661
10000;20;DML/AIPW;1.4647472936658406;-0.0352527063341594
10000;21;S-learner;1.4251563889436638;-0.0748436110563361
10000;21;DML/AIPW;1.4804157982566406;-0.0195842017433593
10000;22;S-learner;1.4788350844778306;-0.0211649155221693
10000;22;DML/AIPW;1.503007135447716;0.0030071354477161
10000;23;S-learner;1.4768705753889972;-0.0231294246110027
10000;23;DML/AIPW;1.5012103016728264;0.0012103016728264
10000;24;S-learner;1.4769814939603152;-0.0230185060396848
10000;24;DML/AIPW;1.5133993844480162;0.0133993844480162
10000;25;S-learner;1.5009884666767563;0.0009884666767563
10000;25;DML/AIPW;1.5401802811613297;0.0401802811613296
10000;26;S-learner;1.4997411194805252;-0.0002588805194747
10000;26;DML/AIPW;1.5166245110518393;0.0166245110518392
10000;27;S-learner;1.513798605093946;0.013798605093946
10000;27;DML/AIPW;1.5305848657201262;0.0305848657201261
10000;28;S-learner;1.4790962084098442;-0.0209037915901557
10000;28;DML/AIPW;1.5087972676444283;0.0087972676444283
10000;29;S-learner;1.5042609548214467;0.0042609548214467
10000;29;DML/AIPW;1.52688704318307;0.0268870431830698
10000;30;S-learner;1.5129526284336876;0.0129526284336876
10000;30;DML/AIPW;1.5364338285467476;0.0364338285467475
10000;31;S-learner;1.4503318956508942;-0.0496681043491058
10000;31;DML/AIPW;1.4709899417721124;-0.0290100582278876
10000;32;S-learner;1.4520871558475896;-0.0479128441524103
10000;32;DML/AIPW;1.4722112946974928;-0.0277887053025072
10000;33;S-learner;1.440108434857532;-0.0598915651424678
10000;33;DML/AIPW;1.4553613597246462;-0.0446386402753538
10000;34;S-learner;1.4715672166678582;-0.0284327833321418
10000;34;DML/AIPW;1.4960129679286858;-0.0039870320713142
10000;35;S-learner;1.4962126157260225;-0.0037873842739775
10000;35;DML/AIPW;1.5292140705288797;0.0292140705288794
10000;36;S-learner;1.4391596764900174;-0.0608403235099825
10000;36;DML/AIPW;1.4681182690479009;-0.0318817309520993
10000;37;S-learner;1.477778131832391;-0.0222218681676089
10000;37;DML/AIPW;1.491455629945379;-0.008544370054621
10000;38;S-learner;1.4666648322009732;-0.0333351677990267
10000;38;DML/AIPW;1.4907460240867856;-0.0092539759132144
10000;39;S-learner;1.4651439241830395;-0.0348560758169604
10000;39;DML/AIPW;1.5055609359989033;0.0055609359989032
10000;40;S-learner;1.4981422181105446;-0.0018577818894554
10000;40;DML/AIPW;1.5226377075987747;0.0226377075987747
10000;41;S-learner;1.4821386213693044;-0.0178613786306955
10000;41;DML/AIPW;1.5183004859206397;0.0183004859206394
10000;42;S-learner;1.508405130221941;0.008405130221941
10000;42;DML/AIPW;1.534689207529501;0.0346892075295011
10000;43;S-learner;1.5032907330146954;0.0032907330146954
10000;43;DML/AIPW;1.5289668529082296;0.0289668529082296
10000;44;S-learner;1.3827802939062863;-0.1172197060937136
10000;44;DML/AIPW;1.421164345345176;-0.0788356546548239
10000;45;S-learner;1.483789332195549;-0.0162106678044509
10000;45;DML/AIPW;1.5037183077970837;0.0037183077970837
10000;46;S-learner;1.4530245885290063;-0.0469754114709937
10000;46;DML/AIPW;1.5004389215125018;0.0004389215125017
10000;47;S-learner;1.5052311591490424;0.0052311591490423
10000;47;DML/AIPW;1.5121474781220752;0.0121474781220751
10000;48;S-learner;1.45235833915152;-0.0476416608484799
10000;48;DML/AIPW;1.4859555347372988;-0.0140444652627012
10000;49;S-learner;1.46842985482635;-0.0315701451736498
10000;49;DML/AIPW;1.481633931551009;-0.018366068448991
10000;50;S-learner;1.5068333145951978;0.0068333145951977
10000;50;DML/AIPW;1.5433354926630871;0.0433354926630873
10000;51;S-learner;1.4779172234289617;-0.0220827765710383
10000;51;DML/AIPW;1.5103738891466862;0.0103738891466862
10000;52;S-learner;1.4734575007690986;-0.0265424992309013
10000;52;DML/AIPW;1.5043033869747735;0.0043033869747737
10000;53;S-learner;1.498221806777682;-0.0017781932223179
10000;53;DML/AIPW;1.519239835800792;0.0192398358007921
10000;54;S-learner;1.5025792589654037;0.0025792589654036
10000;54;DML/AIPW;1.5405978568149414;0.0405978568149414
10000;55;S-learner;1.4529999557041473;-0.0470000442958526
10000;55;DML/AIPW;1.4912286232026466;-0.0087713767973534
10000;56;S-learner;1.4812877084200022;-0.0187122915799977
10000;56;DML/AIPW;1.517650455169179;0.0176504551691789
10000;57;S-learner;1.4706771940881185;-0.0293228059118817
10000;57;DML/AIPW;1.4820933390722992;-0.0179066609277007
10000;58;S-learner;1.5144173318146352;0.0144173318146352
10000;58;DML/AIPW;1.537193870631672;0.0371938706316719
10000;59;S-learner;1.4845830165787717;-0.0154169834212285
10000;59;DML/AIPW;1.5204052279930262;0.0204052279930262
10000;60;S-learner;1.5057253868003189;0.0057253868003188
10000;60;DML/AIPW;1.5373195238444093;0.0373195238444092
10000;61;S-learner;1.4909768858197552;-0.0090231141802448
10000;61;DML/AIPW;1.4977890046893405;-0.0022109953106594
10000;62;S-learner;1.470276047260218;-0.0297239527397819
10000;62;DML/AIPW;1.4780245008263675;-0.0219754991736322
10000;63;S-learner;1.4230384798074271;-0.0769615201925728
10000;63;DML/AIPW;1.4511534380148223;-0.0488465619851776
10000;64;S-learner;1.4945202460982898;-0.0054797539017101
10000;64;DML/AIPW;1.5137169253551208;0.0137169253551208
10000;65;S-learner;1.4446621691619184;-0.0553378308380816
10000;65;DML/AIPW;1.4579165952424322;-0.0420834047575677
10000;66;S-learner;1.4989367131627924;-0.0010632868372075
10000;66;DML/AIPW;1.5355369031612565;0.0355369031612564
10000;67;S-learner;1.458421584877719;-0.0415784151222813
10000;67;DML/AIPW;1.4781775202067455;-0.0218224797932544
10000;68;S-learner;1.5094246635072008;0.0094246635072008
10000;68;DML/AIPW;1.5299683319168365;0.0299683319168364
10000;69;S-learner;1.4824628965447255;-0.0175371034552742
10000;69;DML/AIPW;1.5066960848380906;0.0066960848380905
10000;70;S-learner;1.4814793447475134;-0.0185206552524865
10000;70;DML/AIPW;1.5033966946021038;0.0033966946021037
10000;71;S-learner;1.4771575530696752;-0.0228424469303247
10000;71;DML/AIPW;1.4962915958702063;-0.0037084041297936
10000;72;S-learner;1.5064191214287734;0.0064191214287734
10000;72;DML/AIPW;1.5277607818091572;0.0277607818091571
10000;73;S-learner;1.4880210226593458;-0.0119789773406542
10000;73;DML/AIPW;1.5081829550687895;0.0081829550687897
10000;74;S-learner;1.460081379389655;-0.039918620610345
10000;74;DML/AIPW;1.4894718176056787;-0.0105281823943212
10000;75;S-learner;1.39067603165617;-0.10932396834383
10000;75;DML/AIPW;1.418196705190898;-0.081803294809102
10000;76;S-learner;1.4554604612351;-0.0445395387649001
10000;76;DML/AIPW;1.4712011467317496;-0.0287988532682503
10000;77;S-learner;1.482169797145957;-0.0178302028540429
10000;77;DML/AIPW;1.506761413466057;0.0067614134660569
10000;78;S-learner;1.514369670896912;0.0143696708969121
10000;78;DML/AIPW;1.536029830585918;0.0360298305859181
10000;79;S-learner;1.429872666623745;-0.0701273333762553
10000;79;DML/AIPW;1.4583632916053375;-0.0416367083946624
10000;80;S-learner;1.4772874628233916;-0.0227125371766083
10000;80;DML/AIPW;1.513696144366369;0.013696144366369
10000;81;S-learner;1.4593832363731432;-0.0406167636268568
10000;81;DML/AIPW;1.4872592597863563;-0.0127407402136436
10000;82;S-learner;1.4984420562325966;-0.0015579437674033
10000;82;DML/AIPW;1.5215641845173369;0.0215641845173368
10000;83;S-learner;1.4882785077702496;-0.0117214922297503
10000;83;DML/AIPW;1.5194844673583887;0.0194844673583887
10000;84;S-learner;1.4159980595059238;-0.0840019404940761
10000;84;DML/AIPW;1.428103621250571;-0.0718963787494288
10000;85;S-learner;1.4948777195956389;-0.0051222804043611
10000;85;DML/AIPW;1.5220886306819772;0.0220886306819771
10000;86;S-learner;1.4924752535714632;-0.0075247464285368
10000;86;DML/AIPW;1.5183851673488284;0.0183851673488284
10000;87;S-learner;1.5080777498279652;0.0080777498279651
10000;87;DML/AIPW;1.5359512119673515;0.0359512119673517
10000;88;S-learner;1.5030735698599569;0.0030735698599566
10000;88;DML/AIPW;1.5346254998031983;0.0346254998031982
10000;89;S-learner;1.5050444728307903;0.0050444728307903
10000;89;DML/AIPW;1.5246002037385509;0.0246002037385508
10000;90;S-learner;1.4691744057949343;-0.0308255942050657
10000;90;DML/AIPW;1.5037874314902495;0.0037874314902495
10000;91;S-learner;1.4759428027235373;-0.0240571972764627
10000;91;DML/AIPW;1.504081554189379;0.004081554189379
10000;92;S-learner;1.5067124913038632;0.0067124913038631
10000;92;DML/AIPW;1.5255508013921044;0.0255508013921044
10000;93;S-learner;1.46728434034166;-0.03271565965834
10000;93;DML/AIPW;1.4860816876127392;-0.0139183123872608
10000;94;S-learner;1.472844383833929;-0.027155616166071
10000;94;DML/AIPW;1.500088669767819;8.866976781907177e-05
10000;95;S-learner;1.4562740890244208;-0.0437259109755792
10000;95;DML/AIPW;1.4861878002548627;-0.0138121997451372
10000;96;S-learner;1.5138115289937133;0.0138115289937132
10000;96;DML/AIPW;1.5301772640418172;0.0301772640418171
10000;97;S-learner;1.5185968540264525;0.0185968540264522
10000;97;DML/AIPW;1.5376578819791358;0.0376578819791357
10000;98;S-learner;1.4684035154304165;-0.0315964845695835
10000;98;DML/AIPW;1.5029129349974857;0.0029129349974854
10000;99;S-learner;1.4621103975227183;-0.0378896024772816
10000;99;DML/AIPW;1.4911979944848952;-0.0088020055151047
15000;0;S-learner;1.4338495378086331;-0.0661504621913668
15000;0;DML/AIPW;1.4626086900301467;-0.0373913099698532
15000;1;S-learner;1.4968805105958187;-0.0031194894041812
15000;1;DML/AIPW;1.5188704590119406;0.0188704590119406
15000;2;S-learner;1.478913613725728;-0.021086386274272
15000;2;DML/AIPW;1.491507082645079;-0.008492917354921
15000;3;S-learner;1.5363655919858663;0.0363655919858665
15000;3;DML/AIPW;1.5550993167554097;0.0550993167554094
15000;4;S-learner;1.4880096004630432;-0.0119903995369567
15000;4;DML/AIPW;1.5088499866877911;0.0088499866877911
15000;5;S-learner;1.4835856223789416;-0.0164143776210583
15000;5;DML/AIPW;1.512051524313734;0.012051524313734
15000;6;S-learner;1.4941155092789986;-0.0058844907210013
15000;6;DML/AIPW;1.5209187754694218;0.0209187754694217
15000;7;S-learner;1.4843942769470222;-0.0156057230529778
15000;7;DML/AIPW;1.4882196619364123;-0.0117803380635876
15000;8;S-learner;1.4596654273637282;-0.0403345726362718
15000;8;DML/AIPW;1.479195773836495;-0.020804226163505
15000;9;S-learner;1.460714311012057;-0.0392856889879429
15000;9;DML/AIPW;1.492433382856389;-0.007566617143611
15000;10;S-learner;1.5069513161572714;0.0069513161572714
15000;10;DML/AIPW;1.5362468270610887;0.0362468270610887
15000;11;S-learner;1.4703317554767494;-0.0296682445232505
15000;11;DML/AIPW;1.501620224431653;0.0016202244316529
15000;12;S-learner;1.4727774915585812;-0.0272225084414188
15000;12;DML/AIPW;1.487479618302303;-0.0125203816976973
15000;13;S-learner;1.5318452988474272;0.0318452988474271
15000;13;DML/AIPW;1.556013767647621;0.0560137676476208
15000;14;S-learner;1.4548264939518811;-0.0451735060481188
15000;14;DML/AIPW;1.4830499701837911;-0.0169500298162088
15000;15;S-learner;1.4663998406985996;-0.0336001593014003
15000;15;DML/AIPW;1.4887621812748866;-0.0112378187251134
15000;16;S-learner;1.486649781876991;-0.0133502181230089
15000;16;DML/AIPW;1.509441292882462;0.0094412928824618
15000;17;S-learner;1.4504863188874888;-0.0495136811125112
15000;17;DML/AIPW;1.4849451689459343;-0.0150548310540654
15000;18;S-learner;1.5062067575702056;0.0062067575702056
15000;18;DML/AIPW;1.51820735847657;0.01820735847657
15000;19;S-learner;1.4555198637386797;-0.0444801362613205
15000;19;DML/AIPW;1.4730702416539654;-0.0269297583460346
15000;20;S-learner;1.4451146970604158;-0.0548853029395841
15000;20;DML/AIPW;1.4662044526656397;-0.0337955473343603
15000;21;S-learner;1.422115332415802;-0.0778846675841979
15000;21;DML/AIPW;1.4444459975646249;-0.0555540024353753
15000;22;S-learner;1.5416464578786366;0.0416464578786366
15000;22;DML/AIPW;1.5700015923749515;0.0700015923749515
15000;23;S-learner;1.4603250714599507;-0.0396749285400492
15000;23;DML/AIPW;1.493392071446502;-0.0066079285534978
15000;24;S-learner;1.5003911183308856;0.0003911183308855
15000;24;DML/AIPW;1.5313332508071018;0.0313332508071018
15000;25;S-learner;1.4991776310631082;-0.0008223689368918
15000;25;DML/AIPW;1.5301089929024725;0.0301089929024722
15000;26;S-learner;1.4622039717579796;-0.0377960282420204
15000;26;DML/AIPW;1.4794695425841884;-0.0205304574158116
15000;27;S-learner;1.465045571150271;-0.0349544288497289
15000;27;DML/AIPW;1.487511931279622;-0.0124880687203778
15000;28;S-learner;1.4715524885087845;-0.0284475114912154
15000;28;DML/AIPW;1.489775975096543;-0.010224024903457
15000;29;S-learner;1.4559987507578895;-0.0440012492421104
15000;29;DML/AIPW;1.4806613009918104;-0.0193386990081896
15000;30;S-learner;1.505796967335756;0.0057969673357558
15000;30;DML/AIPW;1.5290402633061593;0.0290402633061592
15000;31;S-learner;1.470898694969972;-0.0291013050300279
15000;31;DML/AIPW;1.490879633565379;-0.0091203664346211
15000;32;S-learner;1.4744057656771845;-0.0255942343228157
15000;32;DML/AIPW;1.49822959572436;-0.0017704042756399
15000;33;S-learner;1.478002115548863;-0.021997884451137
15000;33;DML/AIPW;1.491246209935739;-0.0087537900642609
15000;34;S-learner;1.4997858187067798;-0.0002141812932201
15000;34;DML/AIPW;1.5156720444316467;0.0156720444316467
15000;35;S-learner;1.4601523250551456;-0.0398476749448544
15000;35;DML/AIPW;1.4883605841967416;-0.0116394158032584
15000;36;S-learner;1.4731959388254547;-0.0268040611745452
15000;36;DML/AIPW;1.4875434818060145;-0.0124565181939855
15000;37;S-learner;1.514593579264278;0.0145935792642779
15000;37;DML/AIPW;1.5381134480057057;0.0381134480057054
15000;38;S-learner;1.4821087842577074;-0.0178912157422925
15000;38;DML/AIPW;1.4969661377849897;-0.0030338622150103
15000;39;S-learner;1.4824819129664388;-0.0175180870335611
15000;39;DML/AIPW;1.5110225380139162;0.0110225380139161
15000;40;S-learner;1.4505972530260818;-0.0494027469739182
15000;40;DML/AIPW;1.4701392510659057;-0.0298607489340942
15000;41;S-learner;1.5105443139485917;0.0105443139485916
15000;41;DML/AIPW;1.526747096999476;0.026747096999476
15000;42;S-learner;1.5154342658694886;0.0154342658694885
15000;42;DML/AIPW;1.5465652160963752;0.0465652160963752
15000;43;S-learner;1.449414922472895;-0.050585077527105
15000;43;DML/AIPW;1.478861439431813;-0.021138560568187
15000;44;S-learner;1.424923546330224;-0.0750764536697761
15000;44;DML/AIPW;1.4533068770140587;-0.0466931229859413
15000;45;S-learner;1.4576278812508996;-0.0423721187491004
15000;45;DML/AIPW;1.481670293925415;-0.018329706074585
15000;46;S-learner;1.4922865165409194;-0.0077134834590806
15000;46;DML/AIPW;1.530209629598715;0.0302096295987153
15000;47;S-learner;1.5036347756441837;0.0036347756441834
15000;47;DML/AIPW;1.5284051234274951;0.0284051234274951
15000;48;S-learner;1.447398861590394;-0.0526011384096061
15000;48;DML/AIPW;1.4836590894356645;-0.0163409105643357
15000;49;S-learner;1.4483315721987826;-0.0516684278012173
15000;49;DML/AIPW;1.4701689618569846;-0.0298310381430153
15000;50;S-learner;1.461705915835367;-0.038294084164633
15000;50;DML/AIPW;1.4890526057532765;-0.0109473942467235
15000;51;S-learner;1.48789964454283;-0.0121003554571699
15000;51;DML/AIPW;1.5229523472763815;0.0229523472763817
15000;52;S-learner;1.5211153318107375;0.0211153318107375
15000;52;DML/AIPW;1.5350222387279802;0.0350222387279801
15000;53;S-learner;1.4672112267846076;-0.0327887732153924
15000;53;DML/AIPW;1.485924679240607;-0.0140753207593933
15000;54;S-learner;1.5269223665600369;0.0269223665600368
15000;54;DML/AIPW;1.5409366327942875;0.0409366327942877
15000;55;S-learner;1.4856460664407816;-0.0143539335592184
15000;55;DML/AIPW;1.510758305107308;0.0107583051073079
15000;56;S-learner;1.4893820519958467;-0.0106179480041532
15000;56;DML/AIPW;1.5146330463591962;0.0146330463591961
15000;57;S-learner;1.4793752126831203;-0.0206247873168796
15000;57;DML/AIPW;1.505857844395913;0.0058578443959129
15000;58;S-learner;1.4937718462038203;-0.0062281537961794
15000;58;DML/AIPW;1.5322558483715232;0.0322558483715231
15000;59;S-learner;1.4994579841255415;-0.0005420158744584
15000;59;DML/AIPW;1.5280065819049204;0.0280065819049204
15000;60;S-learner;1.4722622628775224;-0.0277377371224776
15000;60;DML/AIPW;1.5005849631636388;0.0005849631636387
15000;61;S-learner;1.4955987173530505;-0.0044012826469497
15000;61;DML/AIPW;1.5178726123195836;0.0178726123195835
15000;62;S-learner;1.4921247673480451;-0.0078752326519548
15000;62;DML/AIPW;1.506633342249936;0.006633342249936
15000;63;S-learner;1.4907228318181196;-0.0092771681818804
15000;63;DML/AIPW;1.5116164799050544;0.0116164799050544
15000;64;S-learner;1.5041417916061308;0.0041417916061308
15000;64;DML/AIPW;1.5164172949015666;0.0164172949015666
15000;65;S-learner;1.4810722248116943;-0.0189277751883054
15000;65;DML/AIPW;1.5044050967792066;0.0044050967792066
15000;66;S-learner;1.452621815158177;-0.0473781848418231
15000;66;DML/AIPW;1.475178741055144;-0.0248212589448559
15000;67;S-learner;1.459519061784004;-0.040480938215996
15000;67;DML/AIPW;1.483878002895849;-0.016121997104151
15000;68;S-learner;1.4373515335094296;-0.0626484664905704
15000;68;DML/AIPW;1.477739154240027;-0.0222608457599726
15000;69;S-learner;1.5071041083026402;0.0071041083026401
15000;69;DML/AIPW;1.5331654717714187;0.0331654717714187
15000;70;S-learner;1.4842542407728874;-0.0157457592271126
15000;70;DML/AIPW;1.5133757482908552;0.0133757482908551
15000;71;S-learner;1.4342452531246634;-0.0657547468753365
15000;71;DML/AIPW;1.4447942667331883;-0.0552057332668116
15000;72;S-learner;1.507291418273393;0.0072914182733929
15000;72;DML/AIPW;1.5253605881679473;0.0253605881679472
15000;73;S-learner;1.4921883147728845;-0.0078116852271157
15000;73;DML/AIPW;1.5038016016191245;0.0038016016191244
15000;74;S-learner;1.4917762230942455;-0.0082237769057544
15000;74;DML/AIPW;1.5071058994014888;0.0071058994014887
15000;75;S-learner;1.4240513380852815;-0.0759486619147182
15000;75;DML/AIPW;1.4536015477349118;-0.0463984522650882
15000;76;S-learner;1.5111490088830557;0.0111490088830557
15000;76;DML/AIPW;1.5284417849959724;0.0284417849959723
15000;77;S-learner;1.465962432015947;-0.034037567984053
15000;77;DML/AIPW;1.497745614935508;-0.002254385064492
15000;78;S-learner;1.483818921136225;-0.016181078863775
15000;78;DML/AIPW;1.5026386778514178;0.0026386778514178
15000;79;S-learner;1.486398690819165;-0.0136013091808346
15000;79;DML/AIPW;1.5100934373206945;0.0100934373206944
15000;80;S-learner;1.4316126772273676;-0.0683873227726323
15000;80;DML/AIPW;1.4528077060151765;-0.0471922939848237
15000;81;S-learner;1.4894118673099737;-0.0105881326900263
15000;81;DML/AIPW;1.5010163326515564;0.0010163326515564
15000;82;S-learner;1.4995142453134165;-0.0004857546865837
15000;82;DML/AIPW;1.5203425450688228;0.0203425450688228
15000;83;S-learner;1.4943981064390464;-0.0056018935609536
15000;83;DML/AIPW;1.520882590375257;0.0208825903752569
15000;84;S-learner;1.4935876127174068;-0.0064123872825931
15000;84;DML/AIPW;1.5224033401616306;0.0224033401616305
15000;85;S-learner;1.4783985867603069;-0.0216014132396931
15000;85;DML/AIPW;1.502488063131196;0.002488063131196
15000;86;S-learner;1.494608988411777;-0.0053910115882229
15000;86;DML/AIPW;1.5239711360843142;0.0239711360843142
15000;87;S-learner;1.4924432134215353;-0.0075567865784647
15000;87;DML/AIPW;1.5251687728493726;0.0251687728493725
15000;88;S-learner;1.4243770590631826;-0.0756229409368174
15000;88;DML/AIPW;1.4487236613948236;-0.0512763386051764
15000;89;S-learner;1.4997911894218632;-0.0002088105781368
15000;89;DML/AIPW;1.5342344489056166;0.0342344489056165
15000;90;S-learner;1.480762965047776;-0.0192370349522239
15000;90;DML/AIPW;1.5127366060006735;0.0127366060006735
15000;91;S-learner;1.4559425469581777;-0.0440574530418222
15000;91;DML/AIPW;1.470496046199096;-0.029503953800904
15000;92;S-learner;1.4470714566897844;-0.0529285433102155
15000;92;DML/AIPW;1.468660515351157;-0.031339484648843
15000;93;S-learner;1.483960449296724;-0.016039550703276
15000;93;DML/AIPW;1.506292151244487;0.0062921512444866
15000;94;S-learner;1.5249358388725474;0.0249358388725473
15000;94;DML/AIPW;1.554612780188211;0.054612780188211
15000;95;S-learner;1.445314119847488;-0.054685880152512
15000;95;DML/AIPW;1.4702502467787657;-0.0297497532212343
15000;96;S-learner;1.4894323520434587;-0.0105676479565413
15000;96;DML/AIPW;1.511416729931793;0.0114167299317931
15000;97;S-learner;1.509652390235668;0.0096523902356679
15000;97;DML/AIPW;1.5389394186657763;0.0389394186657765
15000;98;S-learner;1.4142267216854445;-0.0857732783145557
15000;98;DML/AIPW;1.4411591365738146;-0.0588408634261854
15000;99;S-learner;1.4415783208454442;-0.0584216791545557
15000;99;DML/AIPW;1.471538568493234;-0.0284614315067659
20000;0;S-learner;1.4553342222894288;-0.0446657777105712
20000;0;DML/AIPW;1.4669746857903103;-0.0330253142096894
20000;1;S-learner;1.460333741881037;-0.039666258118963
20000;1;DML/AIPW;1.475659917882036;-0.024340082117964
20000;2;S-learner;1.51081954456166;0.0108195445616599
20000;2;DML/AIPW;1.535724908645013;0.0357249086450133
20000;3;S-learner;1.492522452195081;-0.0074775478049189
20000;3;DML/AIPW;1.5266073602568715;0.0266073602568714
20000;4;S-learner;1.4504580420642026;-0.0495419579357974
20000;4;DML/AIPW;1.4822355473400433;-0.0177644526599567
20000;5;S-learner;1.4715621541230777;-0.0284378458769223
20000;5;DML/AIPW;1.510771773597415;0.0107717735974151
20000;6;S-learner;1.4999202175033028;-7.978249669715609e-05
20000;6;DML/AIPW;1.5223657253366498;0.0223657253366498
20000;7;S-learner;1.4628446915274105;-0.0371553084725895
20000;7;DML/AIPW;1.4776111677639527;-0.0223888322360472
20000;8;S-learner;1.5012944413828593;0.0012944413828592
20000;8;DML/AIPW;1.515733760439386;0.0157337604393859
20000;9;S-learner;1.4770663731758549;-0.0229336268241451
20000;9;DML/AIPW;1.488973513084961;-0.0110264869150389
20000;10;S-learner;1.5339540781331782;0.0339540781331781
20000;10;DML/AIPW;1.5503402113145432;0.0503402113145432
20000;11;S-learner;1.4751109269972782;-0.0248890730027218
20000;11;DML/AIPW;1.4972990279842666;-0.0027009720157333
20000;12;S-learner;1.456040090735918;-0.0439599092640818
20000;12;DML/AIPW;1.4686049900359277;-0.0313950099640725
20000;13;S-learner;1.4950874807168255;-0.0049125192831742
20000;13;DML/AIPW;1.5225968342941123;0.0225968342941123
20000;14;S-learner;1.4431777179526577;-0.0568222820473423
20000;14;DML/AIPW;1.4729410050721232;-0.0270589949278767
20000;15;S-learner;1.445007401362346;-0.054992598637654
20000;15;DML/AIPW;1.4656930661700265;-0.0343069338299737
20000;16;S-learner;1.4793222694153;-0.0206777305846999
20000;16;DML/AIPW;1.5027684241488195;0.0027684241488197
20000;17;S-learner;1.4584712139400993;-0.0415287860599007
20000;17;DML/AIPW;1.4885614907563682;-0.0114385092436317
20000;18;S-learner;1.4881175740076067;-0.0118824259923933
20000;18;DML/AIPW;1.5144130285481996;0.0144130285481995
20000;19;S-learner;1.460929885630506;-0.039070114369494
20000;19;DML/AIPW;1.4991094126516582;-0.0008905873483417
20000;20;S-learner;1.455232700866708;-0.0447672991332919
20000;20;DML/AIPW;1.4734516473467578;-0.0265483526532421
20000;21;S-learner;1.4555800162080992;-0.0444199837919008
20000;21;DML/AIPW;1.4821323826152404;-0.0178676173847596
20000;22;S-learner;1.4925903654083346;-0.0074096345916654
20000;22;DML/AIPW;1.5170399281301092;0.0170399281301092
20000;23;S-learner;1.4364819475530477;-0.0635180524469525
20000;23;DML/AIPW;1.4606270619738662;-0.0393729380261338
20000;24;S-learner;1.4578835569691506;-0.0421164430308493
20000;24;DML/AIPW;1.48396139828643;-0.0160386017135698
20000;25;S-learner;1.487223855618808;-0.012776144381192
20000;25;DML/AIPW;1.5125638517572968;0.0125638517572967
20000;26;S-learner;1.5110278881507906;0.0110278881507905
20000;26;DML/AIPW;1.5267866957846086;0.0267866957846085
20000;27;S-learner;1.4610622620153515;-0.0389377379846482
20000;27;DML/AIPW;1.4714093904886762;-0.0285906095113237
20000;28;S-learner;1.466451702654011;-0.033548297345989
20000;28;DML/AIPW;1.475665861718064;-0.0243341382819359
20000;29;S-learner;1.4622590245064195;-0.0377409754935804
20000;29;DML/AIPW;1.4772048348630578;-0.0227951651369422
20000;30;S-learner;1.5061540562168283;0.0061540562168282
20000;30;DML/AIPW;1.5225491430276803;0.0225491430276802
20000;31;S-learner;1.5132140589889982;0.0132140589889981
20000;31;DML/AIPW;1.5256859608223814;0.0256859608223813
20000;32;S-learner;1.490249498252748;-0.0097505017472521
20000;32;DML/AIPW;1.5088858156412823;0.0088858156412823
20000;33;S-learner;1.4979996795305763;-0.0020003204694236
20000;33;DML/AIPW;1.521877147376215;0.0218771473762149
20000;34;S-learner;1.4874013657318426;-0.0125986342681574
20000;34;DML/AIPW;1.5120626991948636;0.0120626991948635
20000;35;S-learner;1.4623544762672518;-0.0376455237327482
20000;35;DML/AIPW;1.4810504460270066;-0.0189495539729933
20000;36;S-learner;1.4874080699091727;-0.0125919300908272
20000;36;DML/AIPW;1.5060101058715671;0.0060101058715671
20000;37;S-learner;1.47463877927458;-0.0253612207254201
20000;37;DML/AIPW;1.4963160453071993;-0.0036839546928006
20000;38;S-learner;1.4353334924767505;-0.0646665075232495
20000;38;DML/AIPW;1.473752433193874;-0.0262475668061259
20000;39;S-learner;1.456900072774161;-0.0430999272258389
20000;39;DML/AIPW;1.4785548088428078;-0.0214451911571922
20000;40;S-learner;1.4898378445632086;-0.0101621554367914
20000;40;DML/AIPW;1.50781008335109;0.0078100833510901
20000;41;S-learner;1.4832347914392732;-0.0167652085607268
20000;41;DML/AIPW;1.506341164217349;0.0063411642173489
20000;42;S-learner;1.494493562247076;-0.0055064377529241
20000;42;DML/AIPW;1.5154697573062912;0.0154697573062911
20000;43;S-learner;1.4460676767164775;-0.0539323232835222
20000;43;DML/AIPW;1.4702896822464313;-0.0297103177535686
20000;44;S-learner;1.4636642202714087;-0.0363357797285912
20000;44;DML/AIPW;1.4829121626601534;-0.0170878373398466
20000;45;S-learner;1.4489235076151097;-0.0510764923848903
20000;45;DML/AIPW;1.465871727760791;-0.0341282722392088
20000;46;S-learner;1.4598339177667763;-0.0401660822332234
20000;46;DML/AIPW;1.4994452937182206;-0.0005547062817794
20000;47;S-learner;1.480550797434793;-0.0194492025652071
20000;47;DML/AIPW;1.5027570979449396;0.0027570979449396
20000;48;S-learner;1.525094858710878;0.0250948587108779
20000;48;DML/AIPW;1.547569154341267;0.047569154341267
20000;49;S-learner;1.4440330393644971;-0.0559669606355028
20000;49;DML/AIPW;1.4694686348001178;-0.0305313651998822
20000;50;S-learner;1.5237217454792389;0.0237217454792388
20000;50;DML/AIPW;1.5406164261378836;0.0406164261378836
20000;51;S-learner;1.480334747279228;-0.0196652527207721
20000;51;DML/AIPW;1.5091966201436238;0.0091966201436237
20000;52;S-learner;1.490685092645771;-0.0093149073542289
20000;52;DML/AIPW;1.5114922351792353;0.0114922351792352
20000;53;S-learner;1.4702912019004757;-0.0297087980995245
20000;53;DML/AIPW;1.5040732905295502;0.0040732905295501
20000;54;S-learner;1.4891681284629308;-0.0108318715370692
20000;54;DML/AIPW;1.528367407198115;0.028367407198115
20000;55;S-learner;1.4406689417511098;-0.0593310582488901
20000;55;DML/AIPW;1.4749077178246697;-0.0250922821753303
20000;56;S-learner;1.4835488722605408;-0.0164511277394592
20000;56;DML/AIPW;1.510026331845931;0.010026331845931
20000;57;S-learner;1.438664674073717;-0.0613353259262829
20000;57;DML/AIPW;1.4683555525015253;-0.0316444474984747
20000;58;S-learner;1.4722556577378176;-0.0277443422621823
20000;58;DML/AIPW;1.484636059709772;-0.0153639402902281
20000;59;S-learner;1.517220582597374;0.0172205825973739
20000;59;DML/AIPW;1.5320416037797169;0.0320416037797166
20000;60;S-learner;1.4516869731968014;-0.0483130268031986
20000;60;DML/AIPW;1.473619672235717;-0.0263803277642828
20000;61;S-learner;1.5051196805577818;0.0051196805577817
20000;61;DML/AIPW;1.5268141821220862;0.0268141821220861
20000;62;S-learner;1.4817108206203071;-0.0182891793796926
20000;62;DML/AIPW;1.512819636954901;0.0128196369549009
20000;63;S-learner;1.4476999683902785;-0.0523000316097217
20000;63;DML/AIPW;1.4842159079149957;-0.0157840920850043
20000;64;S-learner;1.5155714575756178;0.0155714575756178
20000;64;DML/AIPW;1.5420691534796611;0.0420691534796613
20000;65;S-learner;1.513725247597151;0.0137252475971509
20000;65;DML/AIPW;1.5307238822970073;0.0307238822970072
20000;66;S-learner;1.4805766995185508;-0.0194233004814492
20000;66;DML/AIPW;1.5122487674629066;0.0122487674629065
20000;67;S-learner;1.484684643894678;-0.0153153561053218
20000;67;DML/AIPW;1.501891868234843;0.0018918682348429
20000;68;S-learner;1.4839048783901987;-0.0160951216098013
20000;68;DML/AIPW;1.5183747684720217;0.0183747684720216
20000;69;S-learner;1.4754826518103112;-0.0245173481896887
20000;69;DML/AIPW;1.4898855845548002;-0.0101144154451997
20000;70;S-learner;1.4460703940021755;-0.0539296059978242
20000;70;DML/AIPW;1.465357167925021;-0.0346428320749789
20000;71;S-learner;1.4598853267675014;-0.0401146732324986
20000;71;DML/AIPW;1.47858310203067;-0.0214168979693298
20000;72;S-learner;1.4779704365957007;-0.0220295634042992
20000;72;DML/AIPW;1.5004001505474744;0.0004001505474744
20000;73;S-learner;1.4800328500632045;-0.0199671499367957
20000;73;DML/AIPW;1.5036157814714477;0.0036157814714474
20000;74;S-learner;1.5196582370407254;0.0196582370407254
20000;74;DML/AIPW;1.5447496612120988;0.0447496612120987
20000;75;S-learner;1.4562859192898712;-0.0437140807101288
20000;75;DML/AIPW;1.4898773677565371;-0.0101226322434626
20000;76;S-learner;1.4299751224574455;-0.0700248775425542
20000;76;DML/AIPW;1.4459686113838557;-0.0540313886161445
20000;77;S-learner;1.4776152717960789;-0.0223847282039213
20000;77;DML/AIPW;1.4999495856391505;-5.0414360849737605e-05
20000;78;S-learner;1.4903743485449654;-0.0096256514550345
20000;78;DML/AIPW;1.5008858884113816;0.0008858884113815
20000;79;S-learner;1.4691334094893551;-0.0308665905106448
20000;79;DML/AIPW;1.4832493842271517;-0.0167506157728483
20000;80;S-learner;1.4531812540801092;-0.0468187459198907
20000;80;DML/AIPW;1.4633157014101064;-0.0366842985898936
20000;81;S-learner;1.5014971537177857;0.0014971537177856
20000;81;DML/AIPW;1.5204327796356971;0.0204327796356973
20000;82;S-learner;1.4769495685552156;-0.0230504314447843
20000;82;DML/AIPW;1.495785715823397;-0.004214284176603
20000;83;S-learner;1.5203026686267376;0.0203026686267375
20000;83;DML/AIPW;1.5406156916954172;0.0406156916954172
20000;84;S-learner;1.4977268466884324;-0.0022731533115676
20000;84;DML/AIPW;1.5128009773416973;0.0128009773416972
20000;85;S-learner;1.4868811331364775;-0.0131188668635222
20000;85;DML/AIPW;1.5168706069397446;0.0168706069397446
20000;86;S-learner;1.4825743712158344;-0.0174256287841656
20000;86;DML/AIPW;1.5138937638311116;0.0138937638311116
20000;87;S-learner;1.5100471844407792;0.0100471844407792
20000;87;DML/AIPW;1.5230477151580082;0.0230477151580081
20000;88;S-learner;1.4576113574419156;-0.0423886425580843
20000;88;DML/AIPW;1.4849113122178963;-0.0150886877821037
20000;89;S-learner;1.4454303656318506;-0.0545696343681494
20000;89;DML/AIPW;1.463726442318099;-0.0362735576819011
20000;90;S-learner;1.4974554931021302;-0.0025445068978697
20000;90;DML/AIPW;1.5147861847745254;0.0147861847745254
20000;91;S-learner;1.4827862611114029;-0.0172137388885973
20000;91;DML/AIPW;1.504735127000743;0.0047351270007429
20000;92;S-learner;1.4754083554896584;-0.0245916445103415
20000;92;DML/AIPW;1.4995996518453194;-0.0004003481546805
20000;93;S-learner;1.4698957628941218;-0.0301042371058781
20000;93;DML/AIPW;1.4922640566411605;-0.0077359433588395
20000;94;S-learner;1.4885829442675416;-0.0114170557324584
20000;94;DML/AIPW;1.5051851429231895;0.0051851429231895
20000;95;S-learner;1.4864404960741688;-0.0135595039258311
20000;95;DML/AIPW;1.509606062609403;0.0096060626094029
20000;96;S-learner;1.4879782778074355;-0.0120217221925642
20000;96;DML/AIPW;1.511925802192854;0.0119258021928541
20000;97;S-learner;1.458230384580718;-0.0417696154192821
20000;97;DML/AIPW;1.4868220037574873;-0.0131779962425127
20000;98;S-learner;1.463735072542106;-0.0362649274578941
20000;98;DML/AIPW;1.487676529948576;-0.012323470051424
20000;99;S-learner;1.4870608220006432;-0.0129391779993568
20000;99;DML/AIPW;1.5114317177038004;0.0114317177038003
30000;0;S-learner;1.4783108977792068;-0.0216891022207932
30000;0;DML/AIPW;1.5058054943537038;0.0058054943537038
30000;1;S-learner;1.4761105870903215;-0.0238894129096784
30000;1;DML/AIPW;1.49129824283363;-0.0087017571663698
30000;2;S-learner;1.494965144468928;-0.0050348555310719
30000;2;DML/AIPW;1.51535586832229;0.01535586832229
30000;3;S-learner;1.4662089826483886;-0.0337910173516113
30000;3;DML/AIPW;1.4897796786194395;-0.0102203213805602
30000;4;S-learner;1.475648311630784;-0.024351688369216
30000;4;DML/AIPW;1.4932248951102227;-0.0067751048897772
30000;5;S-learner;1.5018773359647677;0.0018773359647674
30000;5;DML/AIPW;1.5232782879361866;0.0232782879361865
30000;6;S-learner;1.4964057286400596;-0.0035942713599403
30000;6;DML/AIPW;1.5137144544125989;0.0137144544125986
30000;7;S-learner;1.512683234555679;0.0126832345556793
30000;7;DML/AIPW;1.5332058060180676;0.0332058060180675
30000;8;S-learner;1.4622205353191522;-0.0377794646808478
30000;8;DML/AIPW;1.4791240362485572;-0.0208759637514428
30000;9;S-learner;1.461176397412548;-0.0388236025874519
30000;9;DML/AIPW;1.4838638190620823;-0.0161361809379176
30000;10;S-learner;1.4867986649171063;-0.0132013350828934
30000;10;DML/AIPW;1.50150305243558;0.0015030524355801
30000;11;S-learner;1.4800455539966677;-0.0199544460033322
30000;11;DML/AIPW;1.4935870406630032;-0.0064129593369968
30000;12;S-learner;1.4887540778084094;-0.0112459221915905
30000;12;DML/AIPW;1.5009101511464469;0.0009101511464468
30000;13;S-learner;1.4759943566291576;-0.0240056433708424
30000;13;DML/AIPW;1.5000226388518636;2.263885186359893e-05
30000;14;S-learner;1.4686564400112527;-0.0313435599887472
30000;14;DML/AIPW;1.4843188332521804;-0.0156811667478196
30000;15;S-learner;1.4443936184638575;-0.0556063815361422
30000;15;DML/AIPW;1.459319086641803;-0.0406809133581966
30000;16;S-learner;1.5293778836862113;0.0293778836862113
30000;16;DML/AIPW;1.5399492605920788;0.0399492605920788
30000;17;S-learner;1.4910862565742988;-0.0089137434257011
30000;17;DML/AIPW;1.517168572684891;0.0171685726848909
30000;18;S-learner;1.45785025406047;-0.0421497459395301
30000;18;DML/AIPW;1.4721288978494438;-0.0278711021505562
30000;19;S-learner;1.503042793336044;0.0030427933360439
30000;19;DML/AIPW;1.5346915851888785;0.0346915851888782
30000;20;S-learner;1.4614751763040297;-0.0385248236959703
30000;20;DML/AIPW;1.477301966520693;-0.0226980334793069
30000;21;S-learner;1.4950076309474134;-0.0049923690525865
30000;21;DML/AIPW;1.5076645014003294;0.0076645014003293
30000;22;S-learner;1.5001945950404465;0.0001945950404464
30000;22;DML/AIPW;1.510605312970751;0.010605312970751
30000;23;S-learner;1.4864803772808386;-0.0135196227191614
30000;23;DML/AIPW;1.4980782109493065;-0.0019217890506937
30000;24;S-learner;1.4744989382419715;-0.0255010617580284
30000;24;DML/AIPW;1.4997228448091782;-0.0002771551908218
30000;25;S-learner;1.4703101389573163;-0.0296898610426836
30000;25;DML/AIPW;1.4868333586399;-0.0131666413600999
30000;26;S-learner;1.46936540042482;-0.03063459957518
30000;26;DML/AIPW;1.4824559153501502;-0.0175440846498498
30000;27;S-learner;1.495157830803866;-0.004842169196134
30000;27;DML/AIPW;1.4999965828127677;-3.417187232290786e-06
30000;28;S-learner;1.4829930898696435;-0.0170069101303562
30000;28;DML/AIPW;1.507903128743634;0.0079031287436339
30000;29;S-learner;1.4864970227311989;-0.0135029772688013
30000;29;DML/AIPW;1.5060597521323824;0.0060597521323824
30000;30;S-learner;1.4736135403550188;-0.0263864596449812
30000;30;DML/AIPW;1.4918798524873074;-0.0081201475126926
30000;31;S-learner;1.4834698093455598;-0.0165301906544401
30000;31;DML/AIPW;1.5004100875084068;0.0004100875084067
30000;32;S-learner;1.4895953111397575;-0.0104046888602424
30000;32;DML/AIPW;1.5064573898747542;0.0064573898747541
30000;33;S-learner;1.5241532169742271;0.0241532169742271
30000;33;DML/AIPW;1.5458918093419876;0.0458918093419875
30000;34;S-learner;1.502915954148785;0.0029159541487853
30000;34;DML/AIPW;1.515545229371967;0.0155452293719666
30000;35;S-learner;1.465463233144542;-0.0345367668554579
30000;35;DML/AIPW;1.486535391175807;-0.0134646088241929
30000;36;S-learner;1.5150456956942382;0.0150456956942381
30000;36;DML/AIPW;1.5270949008816317;0.0270949008816314
30000;37;S-learner;1.478258292741043;-0.0217417072589569
30000;37;DML/AIPW;1.493775440741832;-0.006224559258168
30000;38;S-learner;1.4677457157008782;-0.0322542842991218
30000;38;DML/AIPW;1.4848673707659386;-0.0151326292340614
30000;39;S-learner;1.4462291889765844;-0.0537708110234156
30000;39;DML/AIPW;1.4626933002279738;-0.0373066997720261
30000;40;S-learner;1.4918176115706252;-0.0081823884293747
30000;40;DML/AIPW;1.5035871497146225;0.0035871497146222
30000;41;S-learner;1.488356023279053;-0.011643976720947
30000;41;DML/AIPW;1.5074994836233595;0.0074994836233595
30000;42;S-learner;1.5041714549965155;0.0041714549965157
30000;42;DML/AIPW;1.5184209440389491;0.0184209440389491
30000;43;S-learner;1.472877298116063;-0.027122701883937
30000;43;DML/AIPW;1.492078661791241;-0.007921338208759
30000;44;S-learner;1.4533921063226287;-0.0466078936773712
30000;44;DML/AIPW;1.4729042519751847;-0.0270957480248152
30000;45;S-learner;1.5074964518835074;0.0074964518835074
30000;45;DML/AIPW;1.522581567603095;0.0225815676030949
30000;46;S-learner;1.483972410165744;-0.0160275898342558
30000;46;DML/AIPW;1.5054720130038828;0.0054720130038827
30000;47;S-learner;1.4812514234852507;-0.0187485765147492
30000;47;DML/AIPW;1.485841093396277;-0.0141589066037233
30000;48;S-learner;1.4765177726265428;-0.0234822273734571
30000;48;DML/AIPW;1.4970848563479613;-0.0029151436520387
30000;49;S-learner;1.4804207524426936;-0.0195792475573064
30000;49;DML/AIPW;1.4991280727275644;-0.0008719272724355
30000;50;S-learner;1.4928666707606113;-0.0071333292393886
30000;50;DML/AIPW;1.5063349127096988;0.0063349127096987
30000;51;S-learner;1.484746330032327;-0.015253669967673
30000;51;DML/AIPW;1.5037966851505762;0.0037966851505761
30000;52;S-learner;1.4905416868192958;-0.0094583131807042
30000;52;DML/AIPW;1.5046392204297512;0.0046392204297511
30000;53;S-learner;1.462982125006309;-0.0370178749936909
30000;53;DML/AIPW;1.473773683038354;-0.0262263169616461
30000;54;S-learner;1.5044179658112484;0.0044179658112484
30000;54;DML/AIPW;1.521272101059439;0.0212721010594389
30000;55;S-learner;1.4859312773549749;-0.0140687226450253
30000;55;DML/AIPW;1.5194856350916262;0.0194856350916261
30000;56;S-learner;1.4836664673881046;-0.0163335326118954
30000;56;DML/AIPW;1.5142872848573004;0.0142872848573003
30000;57;S-learner;1.4884966722062298;-0.0115033277937701
30000;57;DML/AIPW;1.501521033149152;0.0015210331491519
30000;58;S-learner;1.509725287654776;0.0097252876547759
30000;58;DML/AIPW;1.5252818081055275;0.0252818081055277
30000;59;S-learner;1.4467608512353167;-0.0532391487646832
30000;59;DML/AIPW;1.4720242518120024;-0.0279757481879976
30000;60;S-learner;1.5105000055249045;0.0105000055249042
30000;60;DML/AIPW;1.5218020907185894;0.0218020907185894
30000;61;S-learner;1.4903989475871429;-0.0096010524128571
30000;61;DML/AIPW;1.504355095620284;0.004355095620284
30000;62;S-learner;1.508832295261581;0.0088322952615809
30000;62;DML/AIPW;1.5236937127553838;0.0236937127553837
30000;63;S-learner;1.4898477796412202;-0.0101522203587798
30000;63;DML/AIPW;1.5156341044201478;0.0156341044201477
30000;64;S-learner;1.4680953118385145;-0.0319046881614855
30000;64;DML/AIPW;1.4795291178367171;-0.0204708821632828
30000;65;S-learner;1.4931754719717745;-0.0068245280282255
30000;65;DML/AIPW;1.51562766369693;0.0156276636969299
30000;66;S-learner;1.475831542138863;-0.0241684578611369
30000;66;DML/AIPW;1.4929622663878297;-0.0070377336121705
30000;67;S-learner;1.461903636052835;-0.0380963639471649
30000;67;DML/AIPW;1.4805694361727118;-0.0194305638272882
30000;68;S-learner;1.4621441683670655;-0.0378558316329342
30000;68;DML/AIPW;1.4790993239091383;-0.0209006760908616
30000;69;S-learner;1.499107813508878;-0.0008921864911219
30000;69;DML/AIPW;1.516832463578762;0.016832463578762
30000;70;S-learner;1.4996109914752505;-0.0003890085247495
30000;70;DML/AIPW;1.512166052629695;0.0121660526296949
30000;71;S-learner;1.4742555602959595;-0.0257444397040402
30000;71;DML/AIPW;1.4929362878813133;-0.0070637121186867
30000;72;S-learner;1.4528599504542534;-0.0471400495457465
30000;72;DML/AIPW;1.4787049533471284;-0.0212950466528716
30000;73;S-learner;1.477519002031184;-0.0224809979688158
30000;73;DML/AIPW;1.5056106971060372;0.0056106971060372
30000;74;S-learner;1.5129555876655456;0.0129555876655456
30000;74;DML/AIPW;1.5324513726820037;0.0324513726820037
30000;75;S-learner;1.4812100615984427;-0.0187899384015572
30000;75;DML/AIPW;1.4996445352282184;-0.0003554647717816
30000;76;S-learner;1.502923772304654;0.002923772304654
30000;76;DML/AIPW;1.513749801638004;0.0137498016380039
30000;77;S-learner;1.494119074842149;-0.0058809251578513
30000;77;DML/AIPW;1.5105052944000743;0.0105052944000743
30000;78;S-learner;1.4847928930354684;-0.0152071069645316
30000;78;DML/AIPW;1.5011725356455208;0.0011725356455207
30000;79;S-learner;1.5114800193738245;0.0114800193738244
30000;79;DML/AIPW;1.5268298687346178;0.0268298687346177
30000;80;S-learner;1.4975359794461105;-0.0024640205538895
30000;80;DML/AIPW;1.5208877023602418;0.0208877023602418
30000;81;S-learner;1.5065905391325063;0.0065905391325062
30000;81;DML/AIPW;1.5219313373656222;0.0219313373656222
30000;82;S-learner;1.4706076789011866;-0.0293923210988134
30000;82;DML/AIPW;1.496234896914022;-0.0037651030859779
30000;83;S-learner;1.5054234987248492;0.0054234987248491
30000;83;DML/AIPW;1.5228352948750217;0.0228352948750216
30000;84;S-learner;1.4997594241655792;-0.0002405758344208
30000;84;DML/AIPW;1.517431631408901;0.0174316314089009
30000;85;S-learner;1.4906851855129362;-0.0093148144870638
30000;85;DML/AIPW;1.506959053615593;0.006959053615593
30000;86;S-learner;1.4969283728195972;-0.0030716271804027
30000;86;DML/AIPW;1.5151967141033804;0.0151967141033804
30000;87;S-learner;1.4688036617980835;-0.0311963382019164
30000;87;DML/AIPW;1.4814625788535492;-0.0185374211464508
30000;88;S-learner;1.498515655975056;-0.0014843440249439
30000;88;DML/AIPW;1.5156007275822054;0.0156007275822054
30000;89;S-learner;1.517644086579577;0.017644086579577
30000;89;DML/AIPW;1.5316438000110546;0.0316438000110546
30000;90;S-learner;1.4678054790589468;-0.0321945209410532
30000;90;DML/AIPW;1.4877687796197034;-0.0122312203802965
30000;91;S-learner;1.4756857618756576;-0.0243142381243424
30000;91;DML/AIPW;1.483023874263211;-0.016976125736789
30000;92;S-learner;1.5281314753223256;0.0281314753223256
30000;92;DML/AIPW;1.5380148687267343;0.0380148687267345
30000;93;S-learner;1.4679756387534888;-0.0320243612465112
30000;93;DML/AIPW;1.482097704329137;-0.0179022956708629
30000;94;S-learner;1.4894652962381525;-0.0105347037618477
30000;94;DML/AIPW;1.506343973805375;0.0063439738053749
30000;95;S-learner;1.4756114300401209;-0.0243885699598791
30000;95;DML/AIPW;1.5029141678464213;0.0029141678464212
30000;96;S-learner;1.491714736538281;-0.0082852634617189
30000;96;DML/AIPW;1.5060144986051265;0.0060144986051264
30000;97;S-learner;1.4581595606240834;-0.0418404393759166
30000;97;DML/AIPW;1.477000156029034;-0.0229998439709659
30000;98;S-learner;1.4596375497520768;-0.0403624502479231
30000;98;DML/AIPW;1.4753020323212849;-0.0246979676787151
30000;99;S-learner;1.4508443516994105;-0.0491556483005897
30000;99;DML/AIPW;1.4701370498620518;-0.0298629501379481
